eoi_number,ref_number,status,first_name,last_name,birth_date,gender,street,town,state,postcode,email,phone
2,PRG01,New,Lucille,McKeown,11/29/1991,male,7 Bobwhite Avenue,Banquero,NSW,8314,lmckeown0@blinklist.com,855 252 9200
3,ENG01,Current,Freddie,Delea,2/25/1998,other,7 Fulton Avenue,Fucheng,NSW,7694,fdelea1@hp.com,912 839 4399
4,PRG01,Current,Inglis,Zamora,2/26/1995,female,96 Dennis Plaza,Daveluyville,WA,2284,izamora2@technorati.com,878 652 7502
5,DAT01,Current,Mellisa,Beardwood,04/05/2003,toyota,6459 Vernon Trail,Linao,NT,4716,mbeardwood3@timesonline.co.uk,707 203 3991
6,PRG01,Current,Dave,Brimelow,02/08/1994,other,95 Heath Road,Kotovo,SA,8096,dbrimelow4@ucla.edu,931 480 4074
7,PRG01,Final,Ellene,MacNeillie,9/29/2003,jesus,3 Coolidge Park,Beigong,TAS,8045,emacneillie5@canalblog.com,750 334 7399
8,ENG01,New,Alida,Fowls,2/15/2002,copter,7 Algoma Hill,Shixi,QLD,9489,afowls6@ted.com,892 588 5838
9,DAT01,Final,Dalenna,Robeiro,12/17/1990,female,7 Loomis Junction,Qamdo,SA,3108,drobeiro7@canalblog.com,920 854 9451
10,ENG01,New,Sara,Skottle,10/03/1994,female,840 Autumn Leaf Junction,Huqiu,TAS,2292,sskottle8@amazon.co.jp,792 705 3146
11,ENG02,Current,Melanie,Enion,11/30/2002,copter,84 Laurel Hill,Uruzgan,SA,8016,menion9@prweb.com,867 379 0709
12,ENG02,Current,Brendin,Blackborow,12/12/2005,jesus,34 Bultman Center,Hotonj,NSW,9907,bblackborowa@exblog.jp,601 256 7713
13,ENG02,New,Savina,Hussy,9/15/2001,copter,92 Golden Leaf Circle,Moycullen,QLD,3800,shussyb@constantcontact.com,555 729 4153
14,DAT01,Current,Herb,Terbrug,8/25/2002,jesus,47509 Wayridge Park,Uzda,TAS,2364,hterbrugc@sina.com.cn,821 187 3679
15,DAT01,New,Bliss,Oganesian,04/09/2005,female,39 Alpine Park,Bressuire,NT,5055,boganesiand@plala.or.jp,285 307 2263
16,ENG02,Current,Cris,Wolver,12/06/1990,other,105 Judy Avenue,Al Khushniyah,QLD,3229,cwolvere@abc.net.au,646 817 9694
17,PRG01,New,Raeann,Dener,04/11/1990,female,6 Butterfield Center,Lipu,NT,9437,rdenerf@opensource.org,194 199 4936
18,ISA01,New,Silva,Grunguer,06/06/1995,toyota,40 Oxford Park,Manique,NT,7814,sgrunguerg@bandcamp.com,233 617 2566
19,ISA01,New,Valene,Tillot,12/23/2003,copter,154 Arrowood Court,Abomsa,VIC,8078,vtilloth@mysql.com,305 165 3910
20,ENG02,New,Lyndel,Tire,5/22/1995,female,23573 Burning Wood Park,Silongin,TAS,7535,ltirei@nymag.com,705 284 0177
21,PRG01,Final,Currey,Daddow,8/23/2001,female,358 Kedzie Pass,Casal do Sapo,QLD,5963,cdaddowj@instagram.com,168 759 7886
22,ISA01,New,Rogerio,Keeping,04/04/1993,female,06466 Pond Lane,Innisfil,TAS,7787,rkeepingk@drupal.org,563 378 2414
23,PRG01,New,Andre,De Santos,7/29/2003,other,2733 Sutteridge Trail,Bayasgalant,NT,2723,adesantosl@tiny.cc,979 594 5411
24,ISA01,Current,Adora,Pearcehouse,4/20/1997,toyota,938 Barby Center,Zongzhai,VIC,1173,apearcehousem@army.mil,734 184 4915
25,DAT01,Current,Darelle,Dalgleish,03/02/1990,other,620 Rutledge Circle,Stockholm,VIC,2972,ddalgleishn@github.com,734 722 1503
26,ENG01,Current,Shawn,Bradbury,3/17/1997,toyota,9 Dixon Terrace,Ubate,NT,6499,sbradburyo@utexas.edu,959 900 4155
27,ISA01,Final,May,Sedgmond,9/28/1996,toyota,6 Rigney Drive,Bebae,NSW,7993,msedgmondp@dagondesign.com,379 827 3743
28,ENG01,New,Kippie,Castell,03/09/2004,copter,2 Ludington Alley,Atouguia,NT,1834,kcastellq@mit.edu,391 222 7693
29,ENG01,Final,Marge,Comber,9/20/2003,copter,088 Rockefeller Pass,Qusar,VIC,4474,mcomberr@hhs.gov,487 682 3893
30,DAT01,Final,Currey,Burkill,11/09/2004,copter,77292 Beilfuss Hill,Mnichovo Hradiste,NT,5144,cburkills@dell.com,763 177 8224
31,ENG01,New,Mella,Dounbare,11/05/1990,jesus,72852 Vahlen Hill,Mungo,TAS,2761,mdounbaret@apple.com,268 379 9238
